3rd Level Consulting,Frank, Sahlein,fsahlein@gmail.com
"A-1 Awards, Inc.",Jami, Bean,jami@a-1awards.com
AAI/Spalding,Andy Timm,Andy.Timm@fotlinc.com
Active Attitude,Ashleigh, McCaw,ashleigh@activeattitude.co.nz
Active Existence,Jessica, Lankes,jessica@activeexistence.com
AGA Northwest,Nicole, Elves,nicoleelves@aganorthwest.com
Allison Huddleston,Holcombe, Huddleston,allison@championswestlake.com
American Gold Gymnastics,Josh, Diede,joshd@americangoldgymnastics.com
American Gold Gymnastics,Marci, Schuster,marcis@americangoldgymnastics.com
"America's Kids, Inc.",Lori, Klatt,lori@americaskidsinmotion.com
Arizona Sunrays,Briana, Dittemore,briana@arizonasunrays.com
Arizona Sunrays,Kenzie, Gassaway,kenzie@arizonasunrays.com
Arizona Sunrays,Kenzie, Gassaway,kenzie@arizonasunrays.com
Arizona Sunrays,Michelle, Fragala,michelle@arizonasunrays.com
Arizona Sunrays,Sarah, Atkins,sarah@arizonasunrays.com
Aussie Aquatics - GCA,Ross, Gage,ross.gage@aussieaquatics.com.au
Bay Aerials Gymnastics,John, Aguirre,john@bayaerials.com
Bay Aerials Gymnastics,Karina, Tapia,karina@bayaerials.com
bay aerials gymnastics,Lisa, Aguirre,lisa@bayaerials.com
Bay Aerials Gymnastics,Monica, Tapia,Monica@bayaerials.com
Bay Aerials Gymnastics,Samantha, Aguirre,samanthaa@bayaerials.com
Beyond Gymnastics,Taylor L, James,taylor@beyondgymnastics.net
Bright Stars Academy,Bonnie, Petitt,brightstarsgym@gmail.com
Bright Stars Academy,Jayne, Marascio,Jayne.Brightstars@gmail.com
Byers Gymnastics Center,Rhonda, Hawkins,vkr@byersroseville.com
Byers Gymnastics Center,Vikki, Thomason,vkr@byersroseville.com
Cal Elite,Courtney, Marquez,cmarquez@calelite.com
Cal Elite,Jacqui, Plascencia,jplascencia@calelite.com
Cal Elite Burbank,Karen, Porcayo,KPorcayo@calelite.com
Cal Elite,Meghan, Berry,Mberry@calelite.com
Cal Elite Burbank,Monica, Tripp,mtripp@calelite.com
Cal Elite,Oana, Elias,oelias@calelite.com
Cal Elite Burbank,Sierra, Ospina,sospina@calelite.com
Sweet Peas RMV,Steven, Ledford,sledford@calelite.com
Cal Elite Kids,Lynn, Ledford,lledford@calelite.com
Charlot Gymnastics,Caren, Marshall,caren@charlotgym.com
Charlot Gymnastics,Leanne,Leanne@charlotgym.com
Charlot Gymnastics,Sarah, Conley,sarah@charlotgym.com
Chicago Swim School,Buffy, Folise,buffy@chicagoswimschool.com
Chicago Swim School,Rob, Jacobsen,rob@chicagoswimschool.com
Cutting Edge Athletics,Glenn, Hayden,hayden102@yahoo.com
Cutting Edge Athletics,Kim, Hayden,hayden102@yahoo.com
Deep Blue Swim School,Jacquie, Ferneau,jacquie@deepbluelongbeach.com
Delta Gymnastics,Megan, Mitchell,mmitchell@deltagym.com.au
"Destira, Inc.",Jodi, Levy,jodilevy@destira.com
Dhali,Cameron, Elliott,cameron@dhali.com
Dhali,Elizabeth Ram,elizabeth@dhali.com
Dhali,Liia, Ram,liia@dhali.com
Dhali,Ravi, Ram,ram@dhali.com
DolFUN Dynamics,Debbie, Sayers,dolfunlady@gmail.com
DolFUN Dynamics,Mindy, Anthony,dolfunmindy@gmail.com
Dolphin Swim Academy,Brittany, Ballweg,brittany@dolphinswimacademy.com
Dolphin Swim Academy,Jenny, Sutton,jenny@dolphinswimacademy.com
Encore,Virginia, Kelley,virginia@encoregym.com
Encore Gym,Martha, Jones,marthaencoregym@yahoo.com
Encore Gym,Mary-Anne, Isengbarger,Mary-Anne@encoregym.com
Encore Gym,Melodee, Terry,encoregymteams@gmail.com
Encore Gym,Tristynn, Gonzaga,encoreevents@ymail.com
"Fitfully Forward , Inc",Laura, Mikszan,laura.lablast@gmail.com
Fresno Gymnastics Center,Annie, Bradshaw,annie@fresnogymnastics.com
Grand Rapids Gymnastics,Kerri, Johnson,kerri@grgymnastics.com
Grand Rapids Gymnastics,Paige,kerri@grgymnastics.com
Grand Rapids Gymnastics,Shanan, Buitendyk,bumblebee@grgymnastics.com
Grand Rapids Gymnastics,Teri,kerri@grgymnastics.com
Gym Magic,Nancy, Bates,nancy@gymmagic.com
Gym Magic Kids,Nancy, Bates,nancy@gymmagic.com
Gym Magic Kids,Nancy, Bates,nancy@gymmagic.com
Gymcats at the Point,Michele, Sauk,michele@gymcatspoint.com
Hart Gymnastics Academy,Casey, Hart,casey.hart@hartgym.com
iClassPro,Chris, McNabb,chris@iclasspro.com
Jackrabbit Class,Darin, Soll,dsoll@jackrabbittech.com
Jackrabbit Class,Pat, Hammer,phammer@jackrabbittech.com
Kids First Sports Center,Casey, Campbell,Ccampbell@kidsfirstsports.com
Kids First Sports Center,Jennifer, Evans,jevevans@kidsfirstsports.com
Kids First Sports Center,Megan, Smith,msmith@kidsfirstsports.com
La Petite Baleen,Caitlin, Berger,ugur@swimlpb.com
La Petite Baleen,Judy, Mutto,ugur@swimlpb.com
La Petite Baleen,Judy, Mutto,ugur@swimlpb.com
La Petite Baleen,Paige, Hutcherson,ugur@swimlpb.com
La Petite Baleen,Ugur, Taner,ugur@swimlpb.com
Lighthouse Sports Center LLC,Nathan, Freund,Nathan@lighthousesportscenter.com
Lighthouse Sports Center LLC,Sheree, Freund,sheree@lighthousesportscenter.com
Los Gatos Elite,Carlo, Epps,Carlo@losgatoselite.com
Los Gatos Elite,Kristina, Williams,kristina@losgatoselite.com
Los Gatos Elite,Laura, Playle,Laura@losgatoselite.com
Los Gatos Elite,Kristina, Williams,kristina@losgatoselite.com
National Gymnastics,Debra, McCurdy,nationalgymalisoviejo@gmail.com
One 360,Amar, Ganwani,amar@oneteam360.com
Pacific Edge Sports Academy,Emily, Mendoza,amanda@pacificedgesports.com
Pacific Edge Sports Academy,Emily, Mendoza,amber@pacificedgesports.com
Patti's All American,Patti K, Komara,pkomara@sbcglobal.net
Rising Star Gymnastics,Kelly, Brady-Favaloro,kelly.risingstar@gmail.com
Small Fish Big Fish Swim School,Melissa, Taylor,melissa@smallfishbigfish.com
"Snyder Insurance Services, Inc.",Ray, Snyder,raysnyder@InsureAsset.com
SP Gymnastics and Little Planet Preschool,Sally, Poveromo,sally@spgymnadtics.com
Speaker,Allison, Huddleston,allison@championswestlake.com
Speaker,Barbara, Smith,barbara@iclasspro.com
Speaker,Bob, Hubbard,bob@hubbardswim.com
Speaker,Dan, Berzansky,dan@swimoc.com
Speaker,Georgette, Cutler,gcutler@calelite.com
Speaker,Greg, Laird,dcrasta@emlerswimschool.com
Speaker,Jeff, Metzger,jmetzger8777@me.com
Speaker,John, Mitchell,jmitchell@deltagym.com.au
Speaker,Sarah, Fennell Cooper,sarah@happygymnastics.com
Speaker,Steve, Cook,Steve.Cook@fotlinc.com
Speaker,Steve, Greeley,Steve@SteveGreeley.com
Speaker,Theo, Millward,tm@swimtime.org
Splash Swim School,Liz, Claytor,liz@splashswimschool.com
Sweet Peas LLC,Jocelyn, Delmonico,jdelmonico@calelite.com
Sweet Peas RMV,Renee, Nevin,rnevin@sweetpeasgmynasticsrmv.com
Swim to Shore,Casie, Shore,casie@swim2shore.com
SwimAmerica-Davis,Rose M, Cholewinski,Rose@swimamericadavis.com
Swimtikes Family Swim School,Liz, Corr,admin@swimtikes.com.au
TGC- The Gymnastics Center,Kyle, Booth,boothk30@yahoo.com
TGC- The Gymnastics Center,Michelle, Booth,michelle@thegymnasticscenter.com
"The Adaptive Athlete, Inc.",Linda, Weidner,linda@theadaptiveathlete.com
"The Adaptive Athlete, Inc.",Linda, Weidner,linda@theadaptiveathlete.com
The Capture Collection,Erica, Hartman,erica@thecaptureitcollection.com
The Klub Gymnastics,Colden, Raisher,colden@theklubgym.com
The Klub Gymnastics,Grace-C, McGriff,grace@theklubgym.com
The Klub Gymnastics,Jasmine, Arellano,jasmine@theklubgym.com
The Klub Gymnastics,Pamela, Serrano,pam@theklubgym.com
The Klub Gymnastics,Scott, Picquelle,scott@theklubgym.com
Tricks Granite Bay,Jennifer, Pawlak,jen.p.tricks@gmail.com
Tricks Granite Bay,Jennifer, Pawlak,tosha.c.tricks@gmail.com
Tricks Granite Bay,Jennifer, Pawlak,tricksgranitebay@gmail.com
Tricks LLC.,Jordan, Taylor,football80@gmail.com
Tricks LLC.,Lindsay, Groom,lgroom.tricksgym@gmail.com
Tricks LLC.,Nasa, Nergui,nasa22taylor@gmail.com
Tricks Sacramento,Brian, Wright,briantrickssac@gmail.com
Tricks Sacramento,Lauren, Wright,ldtricksgym@gmail.com
"Tricks Sacramento, Tricks, Folsom, Tricks Granite Bay ",Lisa Burd,lisamburd@yahoo.com
Tri-County Gymnastics & Cheer,Chandra, Reivitis,chandra@tcgymnastics.com
Tumble Time Gymnastics,Haylee, Brown,hayleemunk@gmail.com
Tumble Time Gymnastics,Jennifer, Peters,tinkerbellrvt@gmail.com
TumbleTown Movement Education Centre,Connie, Sherman,connie@tumbletown.ca
TumbleTown Movement Education Centre,Jillian, McCartney,connie@tumbletown.ca
TwistN Flip Gymnastics,Brandon, Apisa,brandon@twistnflip.com
TwistN Flip Gymnastics,Ron, Barnes,ron@twistnflip.com
Ultimate Performance Gymnastics and Cheer,Kayla, White-French,lynn@teamupgym.com
Ultimate Performance Gymnastics and Cheer,Lynn, Wingert,lynn@teamupgym.com
Waterworks Aquatics,Jon, Alpert,jon@waterworksswim.com
Win Kids,Michael E, Winburn,mike@winkids.net
Wolf Run Capital,Graham, Brockington,graham@wolfruncapital.com
YCDSB,Amanda, Kucan,amandakucan@gmail.com
