,Cindy, Cary,carycindy@yahoo.com
Destira,Jodi, Levy,jodilevy@destira.com
DolFUN Dynamics,Debbie, Sayers,deb@dolfundynamics.com
DolFUN Dynamics,Lori, Washburn,lori.washburn@dolfundynamics.com
Encore Inc,Virginia, Kelley,virginia@encoregym.com
Encore Inc,Caroline, Allore,carolineencore@yahoo.com
Hart Gymnastics Academy LLC,Casey, Hart,casey.hart@hartgym.com
Kids First Sports Center,Anna, O'Neill,aoneill@kidsfirstsports.com
Kids First Sports Center,Casey, Campbell,ccampbell@kidsfirstsports.com
Kids First Sports Center,Reece, O'Hara,rohara@kidsfirstsports.com
Kids First Sports Center,Jennifer, Evans,jevans@kidsfirstsports.com
Kids First Sports Center,Kacie, Coulter,kcoulter@kidsfirsttoo.com
Paramount Gymanstics,Barbara, Sujansky,barb.sujansky@gmail.com
Pioneer Gymnastics Academy,Ed, Aasen,pioneergym@aol.com
SwimAmerica & Sweet Peas -Davis,Gwen, Tulley,Gwen@swimamericadavis.com
AAI/Spalding,Andy, Timm,Andy.Timm@fotlinc.com
Almaden Valley Athletic Club,Danielle, Griffith - Jones,dgriffithjones@avac.us
Alpha Omega Gymnastics McKinney,Allie, Bouchez,allie@alphaomegagymnastics.com
Alpha Omega Gymnastics McKinney,Erin, Heard,erin@alphaomegagymnastics.com
Alpha Omega Gymnastics McKinney,Greg, Kester,greg@alphaomegagymnastics.com
American Kids Sports Center,Michael, Williams,Mike@aksc.com
American Sports Acro and Gymnastics,Ken, Williams,romerojl2007@gmail.com
Aqua-Tots Swim School,Jacob, Sciarro,jacobs@aqua-tots.com
Aqua-Tots Swim School,Ron, Sciarro,ron@aqua-tots.com
Biron Youth Sports,Diane, Streatch,beaubiron@yahoo.com
Biron Youth Sports,Beau, Biron,beaubiron@yahoo.com
Biron Youth Sports,Elsie, Biron,beaubiron@yahoo.com
Birons Youth Sports Center,Patrick, Biron,patrick@birons.net
Black DIamond Gymnastics and Sports Center,Katy, Heddens,katy@blackdiamondgym.com
Blue Sphere Partners,Victoria, Charles,victoria@bluespherepartners.com
Bright Star Gym,Bonnie, Petitt,brightstarsgym@gmail.com
Bright Star Gym,Julia, Petitt,Juliapetitt@gmail.com
Cal Elite,Mario, Ramos,nramirez@calelite.com
Cal Elite,Jessica, Romero,romerojl2007@gmail.com
Cal Elite,Oana, Elias,oelias@calelite.com
Cal Elite,Jacqui, Plascenica,jplascencia@calelite.com
Cal Elite,Patsy, Pannell,ppannell@calelite.com
Cal Elite,Noemi, Ramirez,nramirez@calelite.com
Cal Elite,Alex, Gastelum,agastelum@calelite.com
Cal Elite,Sierra, Ospina,sierra.n.anderson97@gmail.com
Cal Elite,Courtney, Marquez,cmarquez@calelite.com
Cal Elite,Lynn, Ledford,lledford@calelite.com
Champions Competition Company,Allison, Huddleston,allison@championswestlake.com
Charlot Gymnastics,Leanne, Prisco,leanne@charlotgym.com
Charlot Gymnastics,Rebecca, Charlot,becky@charlotgym.com
Charlot Gymnastics,Sarah, Conley,sarah@charlotgym.com
Cutting Edge Athletics,Glenn, Hayden,info@cuttingedgeusa.com
Cutting Edge Athletics,Kim, Hayden,info@cuttingedgeusa.com
Cutting Edge Athletics,Paige, Stanziola,info@cuttingedgeusa.com
Dahli,Ravi, Ram,liia@dhali.com
Dahli,Elizabeth, Aguilar,elizabeth@dhali.com
Dahli,Cameron, Elliott,cameron@dhali.com
Delta Sports,John, Mitchell,jmitchell@deltagym.com.au
Emler Swim School,Davies, Crasta,dcrasta@emlerswimschool.com
Flips,Angela, Boyle,Angela@flipsfun.com
Flips,Nathalie, Murchison,Angela@flipsfun.com
Flips,Tanya, Blackburn,Angela@flipsfun.com
Green Feet Swimming,Russell, Smith,russellsmithltd@gmail.com
Green Feet Swimming,Nicole, Smith,admin@greenfeetswimming.com
Gym Magic Inc,Nancy, Bates,nancy@gymmagic.com
Hugo's Gymfitness,Nicolle, Stark,nixcherre@gmail.com
Hugo's Gymfitness,Scott, Stark,sstarkjr@yahoo.com
iClassPro,Steven, Wendel,mhayes@iclasspro.com
iClassPro,Ashley, Summers,asummers@iclasspro.com
JackRabbit,Mark, Mahoney,lthomas@jackrabbittech.com
Jamies School of Fish Swim School,Jamie, Collard,jamie.l.collard@gmail.com
Jamies School of Fish Swim School,Jon, Collard,jon@jamiesschooloffish.com
Jayhawk Gymnastics,Scott, Belanger,scott@jayhawkgymnastics.com
Kid Power Gymnastics,Kelly, Pucci,kpucci@kidpowergymnastics.com
Kids First Sports Center,Jeff, Metzger,jmetzger8777@me.com
Leap Learning,Jeff, Lulla,jeff@funandfitgymnastics.com
Lighthouse Sports Center LLC,Nathan, Freund,Nathan@lighthousesportscenter.com
Lighthouse Sports Center LLC,Sheree, Freund,sheree@lighthousesportscenter.com
Lighthouse Sports Center LLC,Erica, Talbot,LSC@lighthousesportscenter.com
Los Gatos Elite,Jane, Young,jame@losgatoselite.com
Los Gatos Elite,Laura, Playle,laura@losgatoselite.com
Los Gatos Elite,Mark, Williams,mark@losgatoselite.com
Los Gatos Elite,Kristina, Williams,kristina@losgatoselite.com
Momentum Athletic Center,Marlene, Warr,marlene@team-mojo.com
Mosaic Diversity Consulting,Tiffany, Mills,ocnbl5683@gmail.com
National Gymnastics Training, Center,Debra McCurdy,Debram@ngtc.com
New Bern Gymnastics,Stephanie, Bruno,sbruno@newberngymnastics.com
Nitro Swimming,Tracy, Koleber,tracy@nitroswim.com
Olympia Gymnastics,Dean, Howren,oc.manager@olympiagymnastics.org 
Olympia Gymnastics,Elizabeth, Brown,om.team@olympiagymnastics.org
Olympia Gymnastics,Jamie, Spies,jamie@olympiagymnastics.org
Olympia Gymnastics,Kelli, Sterling,kelli@olympiagymnastics.org
Olympia Gymnastics,Kristen, Kostner,klkostner@gmail.com
Olympia Gymnastics,Sarah, Catanzaro,sarah@olympiagymnastics.org
OneTeam360,Dan, Berzansky,dan@swimoc.com
Pacific Flow Swim School,Jeff, Griffith - Jones,jeff@pacflowswim.com
Patti's All American Gymnastics, Dance, & Swim,Patti, Komara,pkomara@sbcglobal.net
Pioneer Athletic Center,Chris, McKinnon,info@pioneerathleticcenter.com
Snyder Insurance Services, Inc.,Ray, Snyder,raysnyder@InsureAsset.com
Sparta Gymnastics,Serge, Sharapayeu,admin@spartagymnastics.com.au
Splash Swim School,Liz, Claytor,Liz@splashswimschool.com
Steve Greeley, LLC,Steve, Greeley ,Steve@SteveGreeley.com
Sun Country Sports Center,Claire, Weller,claire@suncountrysports.com
Sun Country Sports Center,Jodi, Hunt,jodi@suncountrysports.com
Sweet Peas LLC,Jocelyn, Delmonico,jdelmonico@calelite.com
Sweet Peas RMV,Renee, Nevin,rnevin@sweetpeasgymnasticsrmv.com
Sweet Peas RMV,Mark, Ledford,calelite@yahoo.com
Sweet Peas RMV,Mariah, Matteson,mmatteson@sweetpeasgymnasticsrmv.com
Sweet Peas RMV,Steven, Ledford,sledford@sweetpeasgymnasticsrmv.com
Swim Angelfish,Ailene, Tisser,ailene@swimangelfish.com
Swim Angelfish,Cindy, Freedman,cindy@swimangelfish.com
SwimAmerica-Davis,Rose, Cholewinski,rose@swimamericadavis.com
The Capture Collection,Erica, Hartman,erica@thecaptureitcollection.com
The Klub Gymnastics,Jacky, Gutierrez,jacky@theklubgym.com
The Klub Gymnastics,Crystal, Jimenez,crys@theklubgym.com
