User,Email,My Company,Address
Ginny Ferguson,nathan@watersafe.com,Watersafe Swim School,"345 10th Street, Seal Beach CA,  United States"
Nikki Miller,nmm@swim4life.com,Academy Swim Club,"Av. Intihuatana 707 , Lima Lima, 00033 PE"
Leslie Daland,leslie@dalandswim.com,Daland Swim School,"135 E Wilbur Rd., Thousand Oaks CA,  United States"
Tracy Koleber,tracy@nitroswim.com,Nitro Swimming,"15506 D West Hwy 71 , BeeCave TX, 78738 US"
Bob Hubbard,bob@hubbardswim.com,Hubbard Family Swim School,"13832 N 32nd St Suite 10       Phoenix,AZ,US,Phoenix,AZ,US , Phoenix AZ, 85032 US"
Joseph He,joe.he@calphin.com,Calphin Aquatic Club,"34075 Fremont Blvd, Fremont CA,  United States"
Kendra Walker,kwalker@emlerswimschool.com,Emler Swim School,"P.O. Box 429,Bedford,TX,United States,Bedford,TX,United States , Bedford TX, 76095 US"
John Wolf,john@southbayaquatics.com,South Bay Aquatics,"2433 Moreton Street, Torrance CA,  United States"
Dan Schoen,dan@houstonswimclub.com,Houston Swim Club - Pearland,"4155 Gramercy St , Houston TX, 77025 US"
Mike Williams,mike@aksc.com,American Kids Sports Center,"3622 Allen Rd, Bakersfield CA,  United States"
Brad Grzelka,brad@atlantaswimacademy.com,Atlanta Swim Academy,"732 Johnson Ferry Road    , Marietta GA, 30068 US"
Jamie Collard,info@jamiesschooloffish.com,Jamie's School of Fish,"5037 Amber Ave   , Clovis CA, 93619 US"
Kara Cassidy,kara@flswimschool.com,Florida Swim SchoolCertified Fundamental Swim Instructor Exam,"1082 S. Rogers Cir  , BocaRaton FL, 33487 US,  ,  "
Lynn Ledford,lledford@calelite.com,Cal Elite Kids,"22982 Avenida Empresa   , RanchoSantaMargarita CA, 92688 US"
Amy Bykowski,wading2swim@gmail.com,Water You Wading For,"10636 S. Hamlin Ave.    , Chicago IL, 60655 US"
Sara Biskie,sara@proswimacademy.com,PRO Swim AcademySwimJim Inc.,"681 Meacham Rd.   , ElkGroveVillage IL, 60007 US3 W. 102nd Street  Suite 2B  , NewYork NY, 10025 US"
Karen Clay,karen@swimgymcamp.com,"Swim&Gym, LLC","1001 Deming Way   , Madison WI, 53717 US"
Debbie Sayers,dolfunlady@gmail.com,DolFUN SWIM Academy,"9260 SE Stark Street, Portland OR, 97216  US"
Susie Van Ekeren,susie@wiswimacademy.com,Wisconsin Swim Academy,"3411 E Evergreen Dr   , Appleton WI, 54913 US"
Sydney Lovelace,sydlovelace@gmail.com,LA Surf and Swim,"2128 Navy Street   , SantaMonica CA, 90405 US"
Rose Cholewinski,rose@swimamericadavis.com,SwimAmerica - DavisCertified Fundamental Swim Instructor Exam,"2121 Second Street  Suite 101A  , Davis CA, 95618 US,  ,  "
Tamara Marlin,tmarlin@marlinswim.com,Marlin School of Swimming,", Richland WA, 99352 US"
Mike Varozza,mike@waterlooswimming.com,Waterloo Swim School,"16501 Red Wagon Lane    , Leander TX, 78641 US"
Melissa Taylor,melissa@smallfishbigfish.com,Small Fish Big Fish Swim SchoolCertified Fundamental Swim Instructor Exam,"346 Pike Road, Number 3&4 , WestPalmBeach FL, 33421-3365 US,  ,  "
Kari Shepard,kari@shepardswimschool.com,Shepard Swim School,"1001 Parkway Ave. Ste. 13,Elkhart,IN,US   , Elkhart IN, 46553 US"
Jeremy Stine,jeremy@swimibps.com,Iddy Biddy Pool School,"1715 DeKalb Ave Suite 120     , Sycamore IL, 60178 US"
Rob Jacobsen,rob@chicagoswimschool.com,Chicago Swim School,"2020 E Northwest Hwy   , ArlingtonHeights IL, 60517 US"
Ron Sciarro,ron@aqua-tots.com,Aqua-Tots Swim Schools - Mesa,"1110 South Greenfield Road, Suite 201 Mesa,AZ,United States    , Mesa AZ, 85206 US"
Mary Kerr,mkerr@ijustswim.com,Aquatic Adventures Inc.,"2007 Electric Rd,Roanoke,VA,United States,Roanoke,VA,United States ,Roanoke,VA,US   , Roanoke VA, 24018 US"
Scott Barron,scottbarron@barronswim.com,Barron Swim School,"11158 Lindbergh Business Center    , SaintLouis MO, 63123 US"
Linda Stewart,linda@propelswimacademy.com,Propel Swim Academy,"43160 Amberwood Plaza   , SouthRiding VA, 20152 US"
Ana Eppel,info@antswim.com,AnT Swim School,"3369 Soares Ct  , SantaClara CA, 95051 US"
Sally Poveromo,Sally@spgymnastics.com,"SP Gymnastics, Inc.","29 East Street, Winchester MA, 01890 US"
Beth Murphy,bethmurphy@goldswim.com,Gold Swim School,"103 Arnold Mill Road   , Woodstock GA, 30188 US"
Felipe Delgado,felipe@evolutionswim.com,Evolution Swim Academy,"23854 Via Fabricante Unit G4 , MissionViejo CA, 92691 US"
Margee Charron,mbcswimr@aol.com,Bubbles to Butterfly Swim School LLC,"P.O. Box 739 - 58 Plain Hill Rad  , Baltic CT, 06330 US"
Vadim Shoykhet,info@physiqueswimming.com,Physique Swim School,"55 Liberty St. Apt 23C, NewYork NY, 10005 US"
Aldonsa Mitzi Gaitan Guevara,gerente@ccnatacion.com,CLUB CAÑADA / LA MEJOR NATACION SA DE CV,"Tlaxcala 5 Col. Barrio de San Francisco, Alcaldia Magdalena Contreras.  , Mexico CiudaddeMexico, 10810 MX"
Ellis Raymond,ellis@jmswim.com,Jim Montgomery Swim School,"14902 Preston Rd, #1000e   , Dallas TX, 75254 US"
Kelli Stryker,kelli.stryker@swimjim.com,SwimJim Inc.,"3 W. 102nd Street  Suite 2B  , NewYork NY, 10025 US"
Patrick Sunderhaus,pat@hubbardswim.com,Hubbard Family Swim School,"13832 N 32nd St Suite 10       Phoenix,AZ,US,Phoenix,AZ,US , Phoenix AZ, 85032 US"
Juan Borrayo,juan.borrayo@swimjim.com,SwimJim Inc.,"3 W. 102nd Street  Suite 2B  , NewYork NY, 10025 US"
Tammy Schoen,tammy@houstonswimclub.com,Houston Swim Club - HoustonHouston Swim Club - Pearland,"8307 Augustine , Houston TX, 77036 US4155 Gramercy St , Houston TX, 77025 US"
Stephanie Tomalis,stephanie@charlotteaquatics.com,Charlotte Aquatics,"7835 Little Ave.    , Charlotte NC, 28226 US"
Tracy Laman,tracy@houstonswimclub.com,Houston Swim Club - HoustonHouston Swim Club - Webster,"8307 Augustine , Houston TX, 77036 US7903 LAKE MEREDITH DR  , NEEDVILLE TX, 77461 US"
Ann Marie Sunderhaus,annmarie@hubbardswim.com,Hubbard Family Swim School,"13832 N 32nd St Suite 10       Phoenix,AZ,US,Phoenix,AZ,US , Phoenix AZ, 85032 US"
Nicole Larsen,nicole@swimasa.com,American Swim Academy,"7172 Regional Street  Suite 428, Dublin CA, 94568 US"
Valerie Williams,valry84@gmail.com,Westside Aquatics,"3606 Via Dolce , MarinaDelRey CA, 90292 US"
Dakota Miller,dakota@swim4life.com,Academy Swim Club,"Av. Intihuatana 707 , Lima Lima, 00033 PE"
Pedro Altieri,aquaticspr@gmail.com,Total Aquatics Swimming School,"Casa Club Gran Gazebo, Los Paseos, San Juan, 00926 , SanJuan PR, 00902-0391 US"
Tiernan Murphy,tiernan@mwss.ca,Making Waves Swim School Inc.SwimTastic,"9 George St N suite 101 , Brampton ON, L6X 0T6 CA25 Kaki Bukit Place, #02-01 ,Singapore,Singapore,SG,Singapore,Singapore,SG Level 2, Singapore Singapore, 416203 SG"
Cecilia Rubio Barnetche,cecirubio@ccnatacion.com,CLUB CAÑADA / LA MEJOR NATACION SA DE CV,"Tlaxcala 5 Col. Barrio de San Francisco, Alcaldia Magdalena Contreras.  , Mexico CiudaddeMexico, 10810 MX"
Davina Lopez,dlopez@davinasswimhouse.com,Davina's Swim House,"46 Armon ave   , Thornhill ON, L4J 8B2 CA"
Lulu Cisneros,lulu@lulucisneros.com.mx,LULU CISNEROS Educación Acuática,"Antonio Caso #425 Colinas de San Jeronimo   , MonterreyN.L. NL, 64630 MX"
Anna Loypur,anna@myswimworld.com.au,SwimWorld Glen Waverley Pty Ltd,"452 Springvale Road    , GlenWaverley Victoria, 3150 AU"
Sharron Crowley,aquaventures@telus.net,Aquaventures Swim Centre,"#101 5550 Fraser St.  , Vancouver BC, V5W 2Z4 CA"
Brittany Moog,bittybubblesswimschool@gmail.com,Bitty Bubbles Swim School,"3218 Sarasota Ave   , PanamaCity FL, 32405 US"
Geo Lopez,geo@davinasswimhouse.com,Davina's Swim House,"46 Armon ave   , Thornhill ON, L4J 8B2 CA"
Amy Ristroph,iswimdolphin@gmail.com,Dolphin Academy Swim School,"4216 Washington Rd   , Evans GA, 30809 US"
Leighann Day,leighann@northjerseyaquatics.com,North Jersey Aquatics,"10 Naughright Road  , LongValley NJ, 07853 US"
Joe Oehme,joe@njswim.com,"New Jersey Swim Schools, Inc.","715 SCHOOLHOUSE RD , Brielle NJ, 08730 US"
Jacquie Ferneau,jacquie@deepbluelongbeach.com,Deep Blue Swim School,"3640 Atlantic Ave, LongBeach CA, 90807 US"
Kathy Hubbard,kathy@hubbardswim.com,Hubbard Family Swim School,"13832 N 32nd St Suite 10       Phoenix,AZ,US,Phoenix,AZ,US , Phoenix AZ, 85032 US"
Andrew Kline,ANDREW@AQUAKIDS.COM,AquaKids Swim School,"3409 Cross Timbers Rd    , FlowerMound TX, 75028 US"
Buffy Folise,buffy@chicagoswimschool.com,Chicago Swim School,"2020 E Northwest Hwy   , ArlingtonHeights IL, 60517 US"
Susan Pascale,susan@podsswimming.com,Pods Swimming,"111 Commercial Way    , East Providence RI, 02914 US"
Jett Cutler,jett.cutler@gmail.com,Cal Elite Kids,"22982 Avenida Empresa   , RanchoSantaMargarita CA, 92688 US"
Kaleb Wallen,office@wallenswim.com,Steve Wallen Swim School,"1230 Glenhaven Court, #100, El Dorado Hills, CA, US   , ElDoradoHills CA, 95762 US"
Larissa Koerschner,uflarissa@gmail.com,Alligator Steps,"212 N Skymont Dr.   , Clayton NC, 27527 US"
tami nixon,swim@makaiswimschool.com,makai swim school,"1455 Elm Street , napa CA, 94559 US"
Nick Curl,nick@propelswimacademy.com,Propel Swim Academy,"43160 Amberwood Plaza   , SouthRiding VA, 20152 US"
Lori Weber,Lori@lorish2oskills.com,Lori's H2O Skills,"1084 KIMBERLY DR , MILFORD OH, 451509630 US"
John Kirk,johnkirk@littleotterswim.com,Little Otter Swim School,"8200 Tower Point dr.   , Charlotte NC, 28227 US"
Terence O'Malley,terence@antswim.com,AnT Swim School,"3369 Soares Ct  , SantaClara CA, 95051 US"
Ross Gage,ross.gage@aussieaquatics.com.au,Aussie Aquatics,",  ,  "
Theresa Wold,theresa@aksc.com,American Kids Sports Center,"3622 Allen Rd, Bakersfield CA,  United States"
Kara Baker,cmkaralynn@yahoo.com,Houston Swim Club - Houston,"8307 Augustine , Houston TX, 77036 US"
Nathanael Najarian,nathanael.najarian@gmail.com,Watersafe Swim School,"345 10th Street, Seal Beach CA,  United States"
Laura George,laura@littleflippersaz.com,Little Flippers Swim,"3511 E Arianna Ave  , Gilbert AZ, 85298 US"
Laurel Hall,tweetycooper@gmail.com,Alligator Steps,"212 N Skymont Dr.   , Clayton NC, 27527 US"
Teela Branson,info@iheartswimming.net,iIheartswimming,"Po box 1256 , Tustin California, 92781 US"
Scott Monson,scott@aquaduks.com,Aqua Duks Swim SchoolCertified Fundamental Swim Instructor Exam,"160 S. Fairmont Blvd.  , Anaheim CA, 92808 US,  ,  "
Carla Zarifeh,carla@aquaventuresswim.com,Aquaventures Swim Centre,"#101 5550 Fraser St.  , Vancouver BC, V5W 2Z4 CA"
tania orendain,tania@luckyduckswimschool.com,Lucky Duck Swim School,"2421 W. Marine Ave.    , Gardena CA, 90247 US"
Shahrzad Farazian,sherry_ardalan@hotmail.com,Sherry's Swim School,"8734 E INDIAN HILLS RD, UNIT E  , ORANGE CA, 92869 US"
Melanie Stairs,melanie@sandsharksswimschool.com,Sand Sharks Swim School,"6106 47th Ave East    , Bradenton Florida, 34203 US"
Jacque Stewart,jacque@atlantaswimacademy.com,Atlanta Swim AcademyCertified Fundamental Swim Instructor Exam,"732 Johnson Ferry Road    , Marietta GA, 30068 US,  ,  "
Melissa McGarvey,melissa@britishswimschool.com,"British Swim School - Virginia BeachBritish Swim School Franchising, LLC","2829 Guardian Ln ,VirginiaBeach,Virginia,US, VirginiaBeach Virginia, 23452 US2829 Guardian Lane, STE 100 , VirginiaBeach VA, 23452 US"
Nadyne Siegel-Brown,nadyne@swimkidsofgeorgia.com,SwimKids of Georgia Inc,"1505 Redi Rd Suite 800    , cumming GA, 30040 US"
Timothy  Heffron,timmheffron@swimmwithtimm.com,Swimm with Timm,"300 Andover St Ste 116    , Peabody MA, 01960 US"
Ana J. Fortin,anaj@ajfitness.hn,AJ FITNESS CENTER,"BLVD. SUYAPA, CONTIGUO A LA SUZUKI  , TEGUCIGALPA FRANCISCOMORAZAN, 11101 HN"
Avi Shafshak,avi@waterwingsswimschool.com,Water Wings Swim School,"29507 Bertrand Dr , AgouraHillsCA CA, 91301 US"
Katie Townsend,katie@swimamericadavis.com,SwimAmerica - Davis,"2121 Second Street  Suite 101A  , Davis CA, 95618 US"
Savannah Dyer,savannah@aquaduks.com,Aqua Duks Swim School,"160 S. Fairmont Blvd.  , Anaheim CA, 92808 US"
Vanessa Jimenez,vanessa@aquaduks.com,Aqua Duks Swim School,"160 S. Fairmont Blvd.  , Anaheim CA, 92808 US"
Brenna Dowd,brenna@urswim.com,urSwim,"1 South Ocean Ave, STE 205 A  , Patchogue NY, 11772 US"
Marina Mentzel,marina@urswim.com,urSwim,"1 South Ocean Ave, STE 205 A  , Patchogue NY, 11772 US"
Adriana Girard,agirardalfaro@yahoo.com,Aqua Duks Swim School,"160 S. Fairmont Blvd.  , Anaheim CA, 92808 US"
Joriana Larson,joriana.drew@yahoo.com,Aqua Duks Swim School,"160 S. Fairmont Blvd.  , Anaheim CA, 92808 US"
Antoinette Collier,antoinette.collier.j@gmail.com,Squid Squad,"8403 Bijou Creek Ave , Littleton CO, 80125 US"
DeAnn Mitchell,deannswim@gmail.com,BCS Swim School,"Po Box 1098 , Normangee TX, 77871-1098 US"
Karen Eaton,Karensaquatics@hotmail.com,Karen's Aquatics,"5004 Calle Cumbre    , SierraVista AZ, 85635 US"
Tabatha Kaplar,tlkaplar@gmail.com,Water You Wading For,"10636 S. Hamlin Ave.    , Chicago IL, 60655 US"
Jacob Sciarro,mesaam@aqua-tots.com,Aqua-Tots Swim Schools - Mesa,"1110 South Greenfield Road, Suite 201 Mesa,AZ,United States    , Mesa AZ, 85206 US"
Tracy JeShow,Show2tj@gmail.com,Kiwi Swim Academy,"3524 Brookwood Rd , Birmingham AL, 35223 US"
Chris  Smalley,Chriss@littleflippersswim.com,Little Flippers Swim School Inc.,"7 Strathmore Road, Natick MA, 02115 US"
Carrie DeMont,carrie@demontswim.com,DeMont Family Swim SchoolCertified Fundamental Swim Instructor Exam," 2850 W Ina Rd #130    , Tucson AZ, 85741 US,  ,  "
Danielle Barron,danielle@barronswim.com,Barron Swim School,"11158 Lindbergh Business Center    , SaintLouis MO, 63123 US"
Allie  Gaines,allie@charlotteaquatics.com,Charlotte Aquatics,"7835 Little Ave.    , Charlotte NC, 28226 US"
Erin Wandelt,erinwandelt@gmail.com,Swimfinity Swimming Academy,"265 North Street , Ridgefield CT, 06877 US"
Nicole Oakley,nicole@ijustswim.com,Aquatic Adventures Inc.,"2007 Electric Rd,Roanoke,VA,United States,Roanoke,VA,United States ,Roanoke,VA,US   , Roanoke VA, 24018 US"
Tarrik Daou,tarrik@dalandswim.com,Daland Swim School,"135 E Wilbur Rd., Thousand Oaks CA,  United States"
Alexis Demmitt,demmitta@gmail.com,Salem Gymnastics & Swim,"4870 Country Club Rd   , Winston-Salem NC, 27104 US"
Kevin Mitchell,kmitchell68@me.com,BCS Swim School,"Po Box 1098 , Normangee TX, 77871-1098 US"
Cameron Mitchell,cameron@bcsswim.com,BCS Swim School,"Po Box 1098 , Normangee TX, 77871-1098 US"
Wally Kas,wally@premierswimacademy.com,Premier Swim Academy,"6 Journey, Suite 160 , AlisoViejo CA, 92656 US"
Sal Ulloa,sal@swimoc.com,Premier Swim Academy,"6 Journey, Suite 160 , AlisoViejo CA, 92656 US"
Kyle Weber,kweber2@zoomtown.com,Lori's H2O Skills,"1084 KIMBERLY DR , MILFORD OH, 451509630 US"
Amy Conover,Amyconover78@gmail.com,Lori's H2O Skills,"1084 KIMBERLY DR , MILFORD OH, 451509630 US"
Jocelyn Zaccaria,jzaccaria1207@gmail.com,American Kids Sports Center,"3622 Allen Rd, Bakersfield CA,  United States"
Miren Oca,miren@ocaquatics.com,Ocaquatics Swim School,"8675 SW 64 Street  , Miami FL, 33143 US"
Khylin Shepard,Khylin@ShepardSwimSchool.com,Shepard Swim School,"1001 Parkway Ave. Ste. 13,Elkhart,IN,US   , Elkhart IN, 46553 US"
Emily  Toungate,emily@coastalswimacademy.com,Coastal Swim Academy,"4650 Dixie Farm Road   , PEARLAND TX, 77581 US"
Micha Seal,micha.seal@watermelonswim.com,"Watermelon Swim Lutz, LLC","19509 N. Dale Mabry Hwy  , Lutz FL, 33548 US"
Jessi Cortes,jessicortes03@gmail.com,Aqua Duks Swim School,"160 S. Fairmont Blvd.  , Anaheim CA, 92808 US"
Samantha  Stidham,swimteam@deepbluelongbeach.com,Deep Blue Swim School,"3640 Atlantic Ave, LongBeach CA, 90807 US"
Samantha Lewis,sam@littlekickersco.com,Little Kickers Swim School,"1423 S Holly St    , Denver CO, 80222 US"
Todd Rozelle,todd@fastfinsdfw.com,Fast Fins,"4912 Stone Gate Trail  , McKinney Texas, 75070 US"
Blaine Marlin,swiminfo@marlinswim.com,Marlin School of Swimming,", Richland WA, 99352 US"
Dane Marlin,dmarlin20@my.whitworth.edu,Marlin School of Swimming,", Richland WA, 99352 US"
Mark Ristroph,markristroph@gmail.com,Dolphin Academy Swim School,"4216 Washington Rd   , Evans GA, 30809 US"
Ian Ristroph,ianristroph@gmail.com,Dolphin Academy Swim School,"4216 Washington Rd   , Evans GA, 30809 US"
Laura Derringer,laura@alligatorsteps.com,Alligator Steps,"212 N Skymont Dr.   , Clayton NC, 27527 US"
DJ Loypur,djloypur@myswimworld.com.au,SwimWorld Glen Waverley Pty Ltd,"452 Springvale Road    , GlenWaverley Victoria, 3150 AU"
Sarah Wheeler,sarah@waterlooswimming.com,Waterloo Swim School,"16501 Red Wagon Lane    , Leander TX, 78641 US"
Lindsay Laman,llaman920@gmail.com,Swimfinity Swimming Academy,"265 North Street , Ridgefield CT, 06877 US"
Gisela Morales,michi@giselamorales.com.gt,Waterproof Swim Academy,"12 calle 16-02 zona 16, Blvd Acatán Area de piscina Colegio Suizo Americano , Guatemala Guatemala, 01016 GT"
Sharlee Allmond,sharlee359@hotmail.com,Watersafe Swim School,"345 10th Street, Seal Beach CA,  United States"
Jack Van Ekeren,jack.vanekeren@wiswimacademy.com,Wisconsin Swim Academy,"3411 E Evergreen Dr   , Appleton WI, 54913 US"
Kate Watson,kate@davinasswimhouse.com,Davina's Swim House,"46 Armon ave   , Thornhill ON, L4J 8B2 CA"
Becca Fuentes,aquatics@proswimacademy.com,PRO Swim AcademySwimJim Inc.,"681 Meacham Rd.   , ElkGroveVillage IL, 60007 US3 W. 102nd Street  Suite 2B  , NewYork NY, 10025 US"
Bryanna Booth,bryanna@proswimacademy.com,PRO Swim AcademySwimJim Inc.,"681 Meacham Rd.   , ElkGroveVillage IL, 60007 US3 W. 102nd Street  Suite 2B  , NewYork NY, 10025 US"
Dennis  Eaton,Dce1958@hotmail.com,Karen's Aquatics,"5004 Calle Cumbre    , SierraVista AZ, 85635 US"
Elizabeth  Tallman,liz@deepbluelongbeach.com,Deep Blue Swim School,"3640 Atlantic Ave, LongBeach CA, 90807 US"
Kim Horton,swimwithkim2011@gmail.com,iIheartswimming,"Po box 1256 , Tustin California, 92781 US"
Heaven  Sung,Sungheaven25@gmail.com,iIheartswimming,"Po box 1256 , Tustin California, 92781 US"
Elizabeth Bridgford,liz@evolutionswim.com,Evolution Swim Academy,"23854 Via Fabricante Unit G4 , MissionViejo CA, 92691 US"
Laura Warhurst,laura@evolutionswim.com,Evolution Swim Academy,"23854 Via Fabricante Unit G4 , MissionViejo CA, 92691 US"
Parker Pare,infompsbuffalo@gmail.com,Velocity Aquatics; Michael Phelps Swim School-NY,"1590 Hopkins Road  , Amherst NY, 14221 US"
Matt Young,matt@hubbardswim.com,Hubbard Family Swim School,"13832 N 32nd St Suite 10       Phoenix,AZ,US,Phoenix,AZ,US , Phoenix AZ, 85032 US"
Jana Harrel,jana@hubbardswim.com,Hubbard Family Swim School,"13832 N 32nd St Suite 10       Phoenix,AZ,US,Phoenix,AZ,US , Phoenix AZ, 85032 US"
Simon Abrahams,simon@hubbardswim.com,Hubbard Family Swim School,"13832 N 32nd St Suite 10       Phoenix,AZ,US,Phoenix,AZ,US , Phoenix AZ, 85032 US"
Susie McArdle,susiem@hubbardswim.com,Hubbard Family Swim School,"13832 N 32nd St Suite 10       Phoenix,AZ,US,Phoenix,AZ,US , Phoenix AZ, 85032 US"
Kenny Lemke,klemke@abkfun.com,America's Best Kids,"1914 Sky Park Dr , Medford OR, 97504 US"
Lisa Worthington,eastsideswimschool@comcast.net,Eastside Swim School,"18922 181st Ave NE , Woodinville WA, 98077 US"
Kathryn  Fair,kfair27@yahoo.com,Blue Dolphin Swim School,"7655 W 108th Ave #300 Broomfield,CO,United States  , Broomfield CO, 80021 US"
Nikolas Eppel,eppelviper@yahoo.com,AnT Swim School,"3369 Soares Ct  , SantaClara CA, 95051 US"
Juan Sandoval,juan.sandoval@swimasa.com,American Swim Academy,"7172 Regional Street  Suite 428, Dublin CA, 94568 US"
Gary Oliveira,gary@swimasa.com,American Swim Academy,"7172 Regional Street  Suite 428, Dublin CA, 94568 US"
Ana Crooks,ana@swimasa.com,American Swim Academy,"7172 Regional Street  Suite 428, Dublin CA, 94568 US"
Tosh Rice,tosh.rice@swimasa.com,American Swim Academy,"7172 Regional Street  Suite 428, Dublin CA, 94568 US"
Kevin Correia,kevin.correia@swimasa.com,American Swim Academy,"7172 Regional Street  Suite 428, Dublin CA, 94568 US"
Rebecca Sol,rebecca.sol@swimasa.com,American Swim Academy,"7172 Regional Street  Suite 428, Dublin CA, 94568 US"
MELISSA RICKWOOD,mel@aquaticsdownunder.com.au,Aquatics Down Under,"50 Nicholson Ave , Thornleigh NSW, 2120 AU"
Neil Rickwood,melissaneil@hotmail.com,Aquatics Down Under,"50 Nicholson Ave , Thornleigh NSW, 2120 AU"
Danny Loypur,danny@myswimworld.com.au,SwimWorld Glen Waverley Pty Ltd,"452 Springvale Road    , GlenWaverley Victoria, 3150 AU"
Kevin Long,kevin@physiqueswimming.com,Physique Swim School,"55 Liberty St. Apt 23C, NewYork NY, 10005 US"
Stephanie Lilly,steph@njswim.com,"New Jersey Swim Schools, Inc.","715 SCHOOLHOUSE RD , Brielle NJ, 08730 US"
Christine Howe,christine@njswim.com,"New Jersey Swim Schools, Inc.","715 SCHOOLHOUSE RD , Brielle NJ, 08730 US"
Lauren Harr,lauren@barronswim.com,Barron Swim School,"11158 Lindbergh Business Center    , SaintLouis MO, 63123 US"
Josephine Rohrbacker,josephine@barronswim.com,Barron Swim School,"11158 Lindbergh Business Center    , SaintLouis MO, 63123 US"
Haley Moreno,haleymoreno@littlewhaleswim.com,Little Whale Swim School,"4106 El Camino Ave  , Sacramento CA, 95821 US"
Chris Fossan,chris@houstonswimclub.com,Houston Swim Club - Pearland,"4155 Gramercy St , Houston TX, 77025 US"
Marc Aguirre,marc@houstonswimclub.com,Houston Swim Club - Pearland,"4155 Gramercy St , Houston TX, 77025 US"
Matt Hicks,matt@houstonswimclub.com,Houston Swim Club - Pearland,"4155 Gramercy St , Houston TX, 77025 US"
Jeremy Alfred,jeremy@houstonswimclub.com,Houston Swim Club - Pearland,"4155 Gramercy St , Houston TX, 77025 US"
Sharon May,sharon@houstonswimclub.com,Houston Swim Club - Pearland,"4155 Gramercy St , Houston TX, 77025 US"
Kristen Garcia,kristen@houstonswimclub.com,Houston Swim Club - Pearland,"4155 Gramercy St , Houston TX, 77025 US"
Brooke Daggett,swim@kidsclub4fun.com,Kids Club Fun & Fitness,"13914 NW 3rd Court,Vancouver,WA,United States , Vancouver WA, 98685 US"
Rachelle Pacheco,rachellepacheco@mac.com,Kids Club Fun & Fitness,"13914 NW 3rd Court,Vancouver,WA,United States , Vancouver WA, 98685 US"
Nicole Williams,nicole@wiswimacademy.com,Wisconsin Swim Academy,"3411 E Evergreen Dr   , Appleton WI, 54913 US"
Miranda Stone,mirandastone33@gmail.com,AnT Swim School,"3369 Soares Ct  , SantaClara CA, 95051 US"
Diego Salazar,salazar3diego@gmail.com,AnT Swim School,"3369 Soares Ct  , SantaClara CA, 95051 US"
Alejandro Merino,AlexPmerino@gmail.com,AnT Swim School,"3369 Soares Ct  , SantaClara CA, 95051 US"
Angela Wild,Elementalswimsd@gmail.com,Elemental Aquatics,"2336 Nabal st  , Escondido CA, 92025 US"
Jennifer Hidalgo,gerencia@waterproof.com.gt,Waterproof Swim Academy,"12 calle 16-02 zona 16, Blvd Acatán Area de piscina Colegio Suizo Americano , Guatemala Guatemala, 01016 GT"
Sana Mian,sana.mian@swimjim.com,SwimJim Inc.,"3 W. 102nd Street  Suite 2B  , NewYork NY, 10025 US"
Allison Goldstone,agoldstone19@gmail.com,BCS Swim School,"Po Box 1098 , Normangee TX, 77871-1098 US"
Lisa  Rivera,coachlisaldsa@gmail.com,Little Dolphins Swim Academy LLC,"424 Vosseller Ave   , BoundBrook NJ, 08805 US"
Julia Farrar,Julia.Farrar@watermelonswim.com,"Watermelon Swim Lutz, LLC","19509 N. Dale Mabry Hwy  , Lutz FL, 33548 US"
Melissa Welling,Melissa@premierswimacademy.com,Premier Swim Academy,"6 Journey, Suite 160 , AlisoViejo CA, 92656 US"
Meryl Cohn,meryl@watersafe.com,Watersafe Swim School,"345 10th Street, Seal Beach CA,  United States"
Elizabeth Ford,liz@watersafe.com,Watersafe Swim School,"345 10th Street, Seal Beach CA,  United States"
Shianna Wightman,shianna@watersafe.com,Watersafe Swim School,"345 10th Street, Seal Beach CA,  United States"
Jena Tague,jenatague@gmail.com,Australian Swim School,"1467 Plymouth Rock   , Beaumont CA, 92223 US"
Cale Bainbridge,calebaino@gmail.com,Australian Swim School,"1467 Plymouth Rock   , Beaumont CA, 92223 US"
Craig Ohalloran,Cohalloran@fossswimschool.com,Foss Swim School,"6545 Flying Cloud Dr. #102, Eden Prairie MN,  United States"
Angela Peluse,angie@swimmingsimply.com,"Swimming Simply, LLC","2876 Geneva Street , Denver CO, 80238 US"
Reza Ardalan,rardalan1@yahoo.com,Sherry's Swim School,"8734 E INDIAN HILLS RD, UNIT E  , ORANGE CA, 92869 US"
Rebecca Foster,hillsideswimschool@gmail.com,Hillside Swim School,"5531 E. Erin Ave. , Fresno CA, 93727 US"
Erin Wagner,tkcwagz@hotmail.com,Wisconsin Swim Academy,"3411 E Evergreen Dr   , Appleton WI, 54913 US"
Kristin Youdall,Kristin.youdall@evolutionswim.com,Evolution Swim Academy,"23854 Via Fabricante Unit G4 , MissionViejo CA, 92691 US"
Jacquelyn Egan,jackie@njswim.com,"New Jersey Swim Schools, Inc.","715 SCHOOLHOUSE RD , Brielle NJ, 08730 US"
Kate Cassidy,kate@flswimschool.com,Certified Fundamental Swim Instructor Exam,",  ,  "
Sandy Karlek,sandykarlek@gmail.com,Nurturing Water Therapies,"PO Box 881 , MercerIsland WA, 98040 US"
Kayla Dysart,kayla@crawfishswimschool.com,Crawfish Swim School,"8556 Siegen Ln   , BatonRouge LA, 70810 US"
Tarra Morris,tarra@prideofil.com,Pride of Illinois,"441 Briar Creek Rd. , Troy IL, 62294 US"
Shannon Schafer,inclusionsportspt@gmail.com,Inclusion Sports Performance Training,"5 Graphics Drive  , Ewing NJ, 08628 US"
Corynn MacKline,corynn@swim4lifecolorado.com,Swim4Life Colorado,"9165 Jill Dr , CONIFER CO, 80433 US"
Matthew Morris,matt@prideofil.com,Pride of Illinois,"441 Briar Creek Rd. , Troy IL, 62294 US"
Brenda Jauregui,BrendaJ@littlewhaleswim.com,Little Whale Swim School,"4106 El Camino Ave  , Sacramento CA, 95821 US"
Krysten Call,callk@nashswimacademy.com,Nashville Swim Academy,"7436 River Bend Circle , Nashville TN, 37221 US"
Sarah Miller,sarahm@hubbardswim.com,Hubbard Family Swim School,"13832 N 32nd St Suite 10       Phoenix,AZ,US,Phoenix,AZ,US , Phoenix AZ, 85032 US"
Kat Fossum,katf.sbss@gmail.com,Silver Bear Swim School,"8755 Technology Way  Suites G/H  , Reno NV, 89521 US"
Robert Tinker,robert@tatsukiswimming.com,"Tatsuki Swimming School, LLC","14300 State Highway 121 Suite 160, Frisco TX, 75035 US"
Briton Atkins,britonatkins@live.com,Watersafe Swim School,"345 10th Street, Seal Beach CA,  United States"
Christine Locke,clockeit@gmail.com,Watersafe Swim School,"345 10th Street, Seal Beach CA,  United States"
Jessica Villa,jess19villa@gmail.com,Watersafe Swim School,"345 10th Street, Seal Beach CA,  United States"
Monica Muro,dalilahmuro@gmail.com,Watersafe Swim School,"345 10th Street, Seal Beach CA,  United States"
Krissy Bartlett,kbartlett@emlerswimschool.com,Emler Swim School,"P.O. Box 429,Bedford,TX,United States,Bedford,TX,United States , Bedford TX, 76095 US"
Katie Douglas ,Katie@littlekickersco.com,Little Kickers Swim School,"1423 S Holly St    , Denver CO, 80222 US"
Sydney Pratt,sydneypratt@barronswim.com,Barron Swim School,"11158 Lindbergh Business Center    , SaintLouis MO, 63123 US"
Ellis Peters,ellis@physiqueswimming.com,Physique Swim School,"55 Liberty St. Apt 23C, NewYork NY, 10005 US"
Molly Martens,molly@tatsukiswimming.com,"Tatsuki Swimming School, LLC","14300 State Highway 121 Suite 160, Frisco TX, 75035 US"
Haley Goldstone,hgoldstone19@gmail.com,BCS Swim School,"Po Box 1098 , Normangee TX, 77871-1098 US"
Josie Howdyshell,Josie@rsswim.com,Anne Arundel Swim ,"4145 HUNTING CREEK Rd , HUNTINGTOWN AL, 20639 US"
Elizabeth Miracle,lberg1980@gmail.com,Lori's H2O Skills,"1084 KIMBERLY DR , MILFORD OH, 451509630 US"
Ricardo Espinoza,ricardoespinoza2839@yahoo.com,AnT Swim School,"3369 Soares Ct  , SantaClara CA, 95051 US"
Kal Koleber,kal.koleber@nitroswim.com,Nitro Swimming,"15506 D West Hwy 71 , BeeCave TX, 78738 US"
Jacob Seigel,superheroswim@gmail.com,Superhero Swim Academy LLC,"4174 Carambola Cir S , CoconutCreek FL, 33066 US"
Keri McDuffee,keri@salemgym.com,Salem Gymnastics & Swim,"4870 Country Club Rd   , Winston-Salem NC, 27104 US"
Caroline Carlson,ccarlson@aquatotsca.com,Aqua-Tots Swim Schools,"24 Marina Dr , SealBeach CA, 90740 US"
Leigh Rice,leigh@swimasa.com,American Swim Academy,"7172 Regional Street  Suite 428, Dublin CA, 94568 US"
Jennifer Lee Oliveira,Jennifer@swimasa.com,American Swim Academy,"7172 Regional Street  Suite 428, Dublin CA, 94568 US"
Tayler Miller,tayler@swim4life.com,Academy Swim Club,"Av. Intihuatana 707 , Lima Lima, 00033 PE"
Jennifer Lawler,jenniferlawler05@gmail.com,Blue Dolphin Swim School,"7655 W 108th Ave #300 Broomfield,CO,United States  , Broomfield CO, 80021 US"
Alex Young,ayoung936@gmail.com,Blue Dolphin Swim School,"7655 W 108th Ave #300 Broomfield,CO,United States  , Broomfield CO, 80021 US"
Rebekah Sweeney,rebekah.l.sweeney@gmail.com,Nurturing Water Therapies,"PO Box 881 , MercerIsland WA, 98040 US"
Devan Tovar,dtovar@emlerswimschool.com,Emler Swim School,"P.O. Box 429,Bedford,TX,United States,Bedford,TX,United States , Bedford TX, 76095 US"
Nicholas Trowbridge,nick@5citiesswimschool.com,5 Cities Swim School,"425 Traffic Way , ArroyoGrande CA, 93420 US"
Cheryl Britt,cheryl@houstonswimclub.com,Houston Swim Club - Pearland,"4155 Gramercy St , Houston TX, 77025 US"
Kenny Manning,Kenny@SwimLPB.com,La Petite Baleen,"775 Main St. , HalfMoonBay CA, 94019 US"
Valentina  Navas,valentina@davinasswimhouse.com,Davina's Swim House,"46 Armon ave   , Thornhill ON, L4J 8B2 CA"
Alondra  Rodriguez,Alondra@shepardswimschool.com,Shepard Swim School,"1001 Parkway Ave. Ste. 13,Elkhart,IN,US   , Elkhart IN, 46553 US"
Jen Brown,jbrown@emlerswimschool.com,Emler Swim School,"P.O. Box 429,Bedford,TX,United States,Bedford,TX,United States , Bedford TX, 76095 US"
Davies Crasta,dcrasta@emlerswimschool.com,Emler Swim School,"P.O. Box 429,Bedford,TX,United States,Bedford,TX,United States , Bedford TX, 76095 US"
Craig Kinney,ckinney@emlerswimschool.com,Emler Swim School,"P.O. Box 429,Bedford,TX,United States,Bedford,TX,United States , Bedford TX, 76095 US"
Abby Toeller,abigayle@premierswimacademy.com,Premier Swim Academy,"6 Journey, Suite 160 , AlisoViejo CA, 92656 US"
Frank Skidmore,Fspec001@gmail.com,Kiwi Swim Academy,"3524 Brookwood Rd , Birmingham AL, 35223 US"
Sean Sutton,sean@flomotionswim.com,Aquatic Edge Swimming LLC,"6317 Yaupon Dr , Austin TX, 78759 US"
Stephanie Burns,stephanie@houstonswimclub.com,Houston Swim Club - HoustonHouston Swim Club - Webster,"8307 Augustine , Houston TX, 77036 US7903 LAKE MEREDITH DR  , NEEDVILLE TX, 77461 US"
Patrick Beatty,patrick.beatty@watermelonswim.com,"Watermelon Swim Lutz, LLC","19509 N. Dale Mabry Hwy  , Lutz FL, 33548 US"
Mary Hollister,hollisterm@nashswimacademy.com,Nashville Swim Academy,"7436 River Bend Circle , Nashville TN, 37221 US"
Lily Barnard,lily@5citiesswimschool.com,5 Cities Swim School,"425 Traffic Way , ArroyoGrande CA, 93420 US"
Angel Massey-Singh,angel@mwss.ca,Making Waves Swim School Inc.,"9 George St N suite 101 , Brampton ON, L6X 0T6 CA"
Chris Porter,chris@mwss.ca,Making Waves Swim School Inc.,"9 George St N suite 101 , Brampton ON, L6X 0T6 CA"
Matt Dmytrenko,matt@mwss.ca,Making Waves Swim School Inc.,"9 George St N suite 101 , Brampton ON, L6X 0T6 CA"
Michael Keane,mkeane@streamlinebrands.com,AquaKids Swim SchoolStreamline Brands,"3409 Cross Timbers Rd    , FlowerMound TX, 75028 US9800 Pyramid Court Suite 475, Englewood CO, 80112 US"
Jon Collard,jon@jamiesschooloffish.com,Jamie's School of Fish,"5037 Amber Ave   , Clovis CA, 93619 US"
Erica Fazio,Erica@littleotterswim.com,Little Otter Swim School,"8200 Tower Point dr.   , Charlotte NC, 28227 US"
nyrie  jones,nyrie@physiqueswimming.com,Physique Swim School,"55 Liberty St. Apt 23C, NewYork NY, 10005 US"
William Copeland,will@acswimclub.com,AC Swim Club,"25 Golden Hinde Blvd , SanRafael CA, 94903 US"
Lana Thorman,lanathorman1@gmail.com,BCS Swim School,"Po Box 1098 , Normangee TX, 77871-1098 US"
Dan Killam,dan.klrproperty@gmail.com,The Swim Center,"390 Royal St , McDonough GA, 30253 US"
Stephanie Wilder,sawilder12@gmail.com,Alligator Steps,"212 N Skymont Dr.   , Clayton NC, 27527 US"
Carol Ann Redfield,pointmetothewater@gmail.com,"Point Me To The Water, LLC","4904 Gable Ridge lane , HollySprings NC, 27540 US"
Francisco Gaudez,mendezgarciafrancisco1@gmail.com,Aqua Duks Swim School,"160 S. Fairmont Blvd.  , Anaheim CA, 92808 US"
Amy Schulz,dramyschulz@gmail.com,Salem Swim School,"5095 Bates Street SE , Turner OR, 97392 US"
Heather Kornfeld,hkornfeld@splashanddashswimlessons.com,Splash and Dash Swim Lessons LLC.,"1364 Glazar Rd. , Warminster PA, 18974 US"
Mara Williams,maraepage@gmail.com,Steve Wallen Swim School,"1230 Glenhaven Court, #100, El Dorado Hills, CA, US   , ElDoradoHills CA, 95762 US"
Skyler VanDyke,skyler@wallenswim.com,Steve Wallen Swim School,"1230 Glenhaven Court, #100, El Dorado Hills, CA, US   , ElDoradoHills CA, 95762 US"
alexandra banasik,swimwithkittelson@kittelsonswimschool.com,Little Fish Swim,"2921 fish hatchery #8 , fitchburg WI, 53713 US"
Sam Murray,smurrayISPT@gmail.com,Inclusion Sports Performance Training,"5 Graphics Drive  , Ewing NJ, 08628 US"
Trish Miller,tmiller@swemkids.com,"SwemKids International, Inc.","PO Box 371901 , Decatur GA, 30037 US"
Shaun Streeter,sstreeter550@gmail.com,Bitty Bubbles Swim School,"3218 Sarasota Ave   , PanamaCity FL, 32405 US"
Jeff Griffith-Jones,jeff@pacflowswim.com,Pacific Flow Swim School,"2934 Granite Creek Road , ScottsValley CA, 95066 US"
DeAnne  Preyer,swim4zap@gmail.com,"SwimologyLA, LLC","1224 Agate St.  Apt. 4, Redondobeach CA, 90277 US"
Michael Cobarrubias,Michael@montanaswimacademy.com,Montana Swim Academy LLC,"148 Black Label Way Unit A , Bozeman MT, 59718 US"
Angel Spillers,jevans@kidsfirstsports.com,Kids First Sports,"7900 East Kemper  , Cincinnati OH, 45249 US"
Paulana Lamonier,info@blackpeoplewillswim.com,Black People Will Swim,"315 Franklin Ave Fac 2 #ATB1037, FranklinSquare NY, 11010 US"
Samantha Tiemann,samanthas.swimming@yahoo.com,Samantha's Swimming LLC,"3304 E 36th Ave , Spokane WA, 99223 US"
Bremen de Haan,hello@aquaducksusa.com,"aquaDucks Swim School, LLC","10841 Cory Lake Drive , Tampa FL, 33647 US"
Taylor Howell,taylor@montanaswimacademy.com,Montana Swim Academy LLC,"148 Black Label Way Unit A , Bozeman MT, 59718 US"
Macie Barnett,Macie@swimamericadavis.com,SwimAmerica - Davis,"2121 Second Street  Suite 101A  , Davis CA, 95618 US"
Vilma Dayoub,vdayoub@emlerswimschool.com,Emler Swim School,"P.O. Box 429,Bedford,TX,United States,Bedford,TX,United States , Bedford TX, 76095 US"
Gary Killam,dr.g.killam@gmail.com,The Swim Center,"390 Royal St , McDonough GA, 30253 US"
Brandi  Duquette,coachbrandimps@gmail.com,Velocity Aquatics; Michael Phelps Swim School-NY,"1590 Hopkins Road  , Amherst NY, 14221 US"
Mary Veideman Jones,mary@swimlessonswithmary.com,Swim Lessons with Mary,"1616 southwood ave , charlotte NC, 28203 US"
Lynne Krasker,lynnekrasker@swimmwithtimm.com,Swimm with Timm,"300 Andover St Ste 116    , Peabody MA, 01960 US"
paige kittelson,paigekittelson1@gmail.com,Little Fish Swim,"2921 fish hatchery #8 , fitchburg WI, 53713 US"
Jada  Pifer,miacoovert33@gmail.com,Iddy Biddy Pool School,"1715 DeKalb Ave Suite 120     , Sycamore IL, 60178 US"
Jessie Fivecoat,jessie@hubbardswim.com,Hubbard Family Swim School,"13832 N 32nd St Suite 10       Phoenix,AZ,US,Phoenix,AZ,US , Phoenix AZ, 85032 US"
Alex Johnson,alex@swimlessonswithmary.com,Swim Lessons with Mary,"1616 southwood ave , charlotte NC, 28203 US"
Tucker Jones,tuckerjones2@gmail.com,Swim Lessons with Mary,"1616 southwood ave , charlotte NC, 28203 US"
Brandon Bulat,info@lasurfandswim.com,LA Surf and Swim,"2128 Navy Street   , SantaMonica CA, 90405 US"
Kerrey Martinez,kerreymartinez@gmail.com,Aqua Duks Swim School,"160 S. Fairmont Blvd.  , Anaheim CA, 92808 US"
Alyssa Aguilar,alyssaaguilardesign@gmail.com,AnT Swim School,"3369 Soares Ct  , SantaClara CA, 95051 US"
Kimberly Romanowski,coachkim@swimldsa.net,Little Dolphins Swim Academy LLC,"424 Vosseller Ave   , BoundBrook NJ, 08805 US"
Tamara Pitts,tamara@evolutionswim.com,Evolution Swim Academy,"23854 Via Fabricante Unit G4 , MissionViejo CA, 92691 US"
Megan Didulo,Megandidulo@all-inclusiveaquatics.com,All-Inclusive Aquatics LLC,"10929 Spring St , Omaha NE, 68144 US"
Grace Rosenbaum,rosenbaum.grace@gmail.com,Lori's H2O Skills,"1084 KIMBERLY DR , MILFORD OH, 451509630 US"
Courtney Smith,CourtneySmith@swimlpb.com,La Petite Baleen,"775 Main St. , HalfMoonBay CA, 94019 US"
Abigail Gritsch,abbygritsch@swimlpb.com,La Petite Baleen,"775 Main St. , HalfMoonBay CA, 94019 US"
Aprile Uhland,aprile@swimlpb.com,La Petite Baleen,"775 Main St. , HalfMoonBay CA, 94019 US"
Vince Larkin,Vince@swimlpb.com,La Petite Baleen,"775 Main St. , HalfMoonBay CA, 94019 US"
Nicholas Manning,NicholasM@swimlpb.com,La Petite Baleen,"775 Main St. , HalfMoonBay CA, 94019 US"
Liliana Alarcon,Liliana@swimlpb.com,La Petite Baleen,"775 Main St. , HalfMoonBay CA, 94019 US"
Malia Krueger,maliakrueger@swimlpb.com,La Petite Baleen,"775 Main St. , HalfMoonBay CA, 94019 US"
Cindy Galindo,cindy@swimlpb.com,La Petite Baleen,"775 Main St. , HalfMoonBay CA, 94019 US"
Mat Thornton,MatT@swimlpb.com,La Petite Baleen,"775 Main St. , HalfMoonBay CA, 94019 US"
Robyn  Dryden,robyn.dryden.6@gmail.com,SwimAmerica - DavisCertified Fundamental Swim Instructor Exam,"2121 Second Street  Suite 101A  , Davis CA, 95618 US,  ,  "
Cindy Stevenson,Cindy@swimamericadavis.com,SwimAmerica - DavisCertified Fundamental Swim Instructor Exam,"2121 Second Street  Suite 101A  , Davis CA, 95618 US,  ,  "
Marissa Flores,marissa.flores@swimasa.com,American Swim Academy,"7172 Regional Street  Suite 428, Dublin CA, 94568 US"
Luke Daly,luke@australianswimschools.org.au,Australian Swim Schools Association,"1467 Plymouth Rock ,Beaumont,CA,, Beaumont CA, 92223 "
Ramon Rivera,rrivera@swim-inzone.com,SwimJim Inc.,"3 W. 102nd Street  Suite 2B  , NewYork NY, 10025 US"
David Beilby,DavidBeilby@littlewhaleswim.com,Little Whale Swim School,"4106 El Camino Ave  , Sacramento CA, 95821 US"
Gavin Halldorson,GavinH@littlewhaleswim.com,Little Whale Swim School,"4106 El Camino Ave  , Sacramento CA, 95821 US"
Steven  Waterhouse,Steven@britishswimschool.com,"British Swim School - Virginia BeachBritish Swim School Franchising, LLC","2829 Guardian Ln ,VirginiaBeach,Virginia,US, VirginiaBeach Virginia, 23452 US2829 Guardian Lane, STE 100 , VirginiaBeach VA, 23452 US"
Julia  Richardson,julia.richardson44370@yahoo.com,Lori's H2O Skills,"1084 KIMBERLY DR , MILFORD OH, 451509630 US"
Theo Millward,tm@swimtime.org,Australia Swim School Association - Member Schools,",,,,,,,  ,  "
Michael Sellecchia,michael.sellecchia@gmail.com,michael,"6 Pheasant Run , larchmont NY, 10538 US"
Haylee Johnson,haylee@crawfishswimschool.com,Crawfish Swim School,"8556 Siegen Ln   , BatonRouge LA, 70810 US"
Rodion Davelaar,rodion@aquafinswimschool.com,AQUAfin Swim School,"820 Commed Blvd , OrangeCity FL, 32763 US"
Jean-David Mesidor,jdmesidor@gmail.com,Black People Will Swim,"315 Franklin Ave Fac 2 #ATB1037, FranklinSquare NY, 11010 US"
Addison  McLean,mcleana@nashswimacademy.com,Nashville Swim Academy,"7436 River Bend Circle , Nashville TN, 37221 US"
Katie Zigelman,zigelmank@nashswimacademy.com,Nashville Swim Academy,"7436 River Bend Circle , Nashville TN, 37221 US"
Spencer Skidmore,spenceskids@gmail.com,Kiwi Swim Academy,"3524 Brookwood Rd , Birmingham AL, 35223 US"
Cosy Ortiz,cosyortiz@waterlooswimming.com,Waterloo Swim School,"16501 Red Wagon Lane    , Leander TX, 78641 US"
Tori  Collard,Marketing@jamiesschooloffish.com,Jamie's School of Fish,"5037 Amber Ave   , Clovis CA, 93619 US"
Demecia Harmon,dharmon@swemschool.com,"SwemKids International, Inc.","PO Box 371901 , Decatur GA, 30037 US"
Virginia Fortin,virginia14@gmail.com,AJ FITNESS CENTER,"BLVD. SUYAPA, CONTIGUO A LA SUZUKI  , TEGUCIGALPA FRANCISCOMORAZAN, 11101 HN"
Steve Wallen,prof-aqua@sbcglobal.net,Steve Wallen Swim School,"1230 Glenhaven Court, #100, El Dorado Hills, CA, US   , ElDoradoHills CA, 95762 US"
Alena Sarri,alena.aquatots@gmail.com,Australian Swim Schools Association,"1467 Plymouth Rock ,Beaumont,CA,, Beaumont CA, 92223 "
Debbie Sarri,debbie@aquatots.com.au,Australian Swim Schools Association,"1467 Plymouth Rock ,Beaumont,CA,, Beaumont CA, 92223 "
Daniel Sarri,daniel2617@gmail.com,Australian Swim Schools Association,"1467 Plymouth Rock ,Beaumont,CA,, Beaumont CA, 92223 "
Jordi Sarri,Jordi.aquatots@gmail.com,Australian Swim Schools Association,"1467 Plymouth Rock ,Beaumont,CA,, Beaumont CA, 92223 "
Celia Hunt,celiahunt@live.com,Australian Swim Schools Association,"1467 Plymouth Rock ,Beaumont,CA,, Beaumont CA, 92223 "
David Howdyshell,david@rsswim.com,Anne Arundel Swim ,"4145 HUNTING CREEK Rd , HUNTINGTOWN AL, 20639 US"
Danelle Brink,danelle@urswim.com,urSwim,"1 South Ocean Ave, STE 205 A  , Patchogue NY, 11772 US"
Jimmy George,jimmy@littleflippersaz.com,Little Flippers Swim,"3511 E Arianna Ave  , Gilbert AZ, 85298 US"
Hunter  Brink,hunter@urswim.com,urSwim,"1 South Ocean Ave, STE 205 A  , Patchogue NY, 11772 US"
Landon Willard,k.landonwillard@gmail.com,Splash n Swim School LLC,"3841 Mount Adams View Drive , WestRichland WA, 99353 US"
Carrie Mendlow,carrie@mwss.ca,Making Waves Swim School Inc.,"9 George St N suite 101 , Brampton ON, L6X 0T6 CA"
Joe Lackan,josephl@mwss.ca,Making Waves Swim School Inc.,"9 George St N suite 101 , Brampton ON, L6X 0T6 CA"
Marcy Singh,marcy@mwss.ca,Making Waves Swim School Inc.,"9 George St N suite 101 , Brampton ON, L6X 0T6 CA"
David Meikle,david@mwss.ca,Making Waves Swim School Inc.,"9 George St N suite 101 , Brampton ON, L6X 0T6 CA"
Jennifer Golde,Jennifer@waterotters.com,Water Otters Swim School,"7014 Jumilla Ave , Winnetka CA, 91306 US"
Karen Mendez,Karen@waterwingsswimschool.com,Water Wings Swim School,"29507 Bertrand Dr , AgouraHillsCA CA, 91301 US"
Samantha V,Sam.v@waterwingsswimschool.com,Water Wings Swim School,"29507 Bertrand Dr , AgouraHillsCA CA, 91301 US"
Emely Amaya,emely.amaya@waterwingsswimschool.com,Water Wings Swim School,"29507 Bertrand Dr , AgouraHillsCA CA, 91301 US"
Nagabi Guzman,nagabi.guzman@waterwingsswimschool.com,Water Wings Swim School,"29507 Bertrand Dr , AgouraHillsCA CA, 91301 US"
Rebecca  Gonzales,rebecca.g@waterwingsswimschool.com,Water Wings Swim School,"29507 Bertrand Dr , AgouraHillsCA CA, 91301 US"
Chris Harkness,christopherharkness@me.com,AquaKids Swim School,"3409 Cross Timbers Rd    , FlowerMound TX, 75028 US"
Alicia  Orendain,Alicia@luckyduckswimschool.com,Lucky Duck Swim School,"2421 W. Marine Ave.    , Gardena CA, 90247 US"
Carissa Buelna,Carissa@luckyduckswimschool.com,Lucky Duck Swim School,"2421 W. Marine Ave.    , Gardena CA, 90247 US"
Kaitlin Tracy,kaitlin.t@waterwingsswimschool.com,Water Wings Swim School,"29507 Bertrand Dr , AgouraHillsCA CA, 91301 US"
Jhosselyn Mejia,jhosselyn.m@waterwingsswimschool.com,Water Wings Swim School,"29507 Bertrand Dr , AgouraHillsCA CA, 91301 US"
Gilda Calove,gilda@swim4life.com,Academy Swim Club,"Av. Intihuatana 707 , Lima Lima, 00033 PE"
Luke Sciarro,paradisevalleyam@aqua-tots.com,Aqua-Tots Swim Schools - Mesa,"1110 South Greenfield Road, Suite 201 Mesa,AZ,United States    , Mesa AZ, 85206 US"
Emily Easley,emily@watersafe.com,Watersafe Swim School,"345 10th Street, Seal Beach CA,  United States"
Irie Hines-Singleton,iriesingleton@aim.com,Watersafe Swim School,"345 10th Street, Seal Beach CA,  United States"
Jacob Sombrito,sombritoj08@gmail.com,Watersafe Swim School,"345 10th Street, Seal Beach CA,  United States"
Micah Luat,micahluat@gmail.com,Watersafe Swim School,"345 10th Street, Seal Beach CA,  United States"
Antoinette Moore,antoinette@swimmingsimply.com,"Swimming Simply, LLC","2876 Geneva Street , Denver CO, 80238 US"
Troy Miller,troy@swimmingsimply.com,"Swimming Simply, LLC","2876 Geneva Street , Denver CO, 80238 US"
Adam Berling,adam@swimmingsimply.com,"Swimming Simply, LLC","2876 Geneva Street , Denver CO, 80238 US"
Heather Maffeo,heather@swimmingsimply.com,"Swimming Simply, LLC","2876 Geneva Street , Denver CO, 80238 US"
Brian Hernandez,brian@physiqueswimming.com,Physique Swim School,"55 Liberty St. Apt 23C, NewYork NY, 10005 US"
Sophia Ward,sophia@littlekickersco.com,Little Kickers Swim School,"1423 S Holly St    , Denver CO, 80222 US"
Saylor Musselman-Riach,saylor@Littlekickersco.com,Little Kickers Swim School,"1423 S Holly St    , Denver CO, 80222 US"
Amy Little,Amy.little@watermelonswim.com,"Watermelon Swim Lutz, LLC","19509 N. Dale Mabry Hwy  , Lutz FL, 33548 US"
Melodee Tyson,Melodee.tyson@watermelonswim.com,"Watermelon Swim Lutz, LLC","19509 N. Dale Mabry Hwy  , Lutz FL, 33548 US"
Emily Sauer,duxhockey@gmail.com,iIheartswimming,"Po box 1256 , Tustin California, 92781 US"
Marissa Perez,marissamperez0412@gmail.com,iIheartswimming,"Po box 1256 , Tustin California, 92781 US"
Tiara Verhoef,admin@aquaducksusa.com,"aquaDucks Swim School, LLC","10841 Cory Lake Drive , Tampa FL, 33647 US"
Rechelle Balitaan,rechelle@littleotterswim.com,Little Otter Swim School,"8200 Tower Point dr.   , Charlotte NC, 28227 US"
Shawna Campbell,shawna@mantaswimacademy.com,Manta Swim Academy,"2126 Barton Woods BLVD , Conroe TX, 77301 US"
Anna Johnson,aejohnson4355@gmail.com,AC Swim Club,"25 Golden Hinde Blvd , SanRafael CA, 94903 US"
Arturo  Macías Hernández,dracuatico@ccnatacion.com,CLUB CAÑADA / LA MEJOR NATACION SA DE CV,"Tlaxcala 5 Col. Barrio de San Francisco, Alcaldia Magdalena Contreras.  , Mexico CiudaddeMexico, 10810 MX"
Sarai Marisela Salgado Rojas,gerentez1@ccnatacion.com,CLUB CAÑADA / LA MEJOR NATACION SA DE CV,"Tlaxcala 5 Col. Barrio de San Francisco, Alcaldia Magdalena Contreras.  , Mexico CiudaddeMexico, 10810 MX"
Oscar Virgen Mendoza,tme425@gmail.com,CLUB CAÑADA / LA MEJOR NATACION SA DE CV,"Tlaxcala 5 Col. Barrio de San Francisco, Alcaldia Magdalena Contreras.  , Mexico CiudaddeMexico, 10810 MX"
Tyler Abel,abeltyler95@gmail.com,Superhero Swim Academy LLC,"4174 Carambola Cir S , CoconutCreek FL, 33066 US"
Ashely Sheetz,asheetz@emlerswimschool.com,Emler Swim School,"P.O. Box 429,Bedford,TX,United States,Bedford,TX,United States , Bedford TX, 76095 US"
Jim Draudt,jim@emlerswimschool.com,Emler Swim School,"P.O. Box 429,Bedford,TX,United States,Bedford,TX,United States , Bedford TX, 76095 US"
Eric Keck,ekeck@emlerswimschool.com,Emler Swim School,"P.O. Box 429,Bedford,TX,United States,Bedford,TX,United States , Bedford TX, 76095 US"
Dennis Pawelski,dpawelski@emlerswimschool.com,Emler Swim School,"P.O. Box 429,Bedford,TX,United States,Bedford,TX,United States , Bedford TX, 76095 US"
Melissa Magee,mmagee@emlerswimschool.com,Emler Swim School,"P.O. Box 429,Bedford,TX,United States,Bedford,TX,United States , Bedford TX, 76095 US"
Melinda Morris,mmorris@emlerswimschool.com,Emler Swim School,"P.O. Box 429,Bedford,TX,United States,Bedford,TX,United States , Bedford TX, 76095 US"
Steve Obert,sobert@emlerswimschool.com,Emler Swim School,"P.O. Box 429,Bedford,TX,United States,Bedford,TX,United States , Bedford TX, 76095 US"
Hope Franco,hopef.sbss@gmail.com,Silver Bear Swim School,"8755 Technology Way  Suites G/H  , Reno NV, 89521 US"
Camille Jones,mealypearl@icloud.com,Silver Bear Swim School,"8755 Technology Way  Suites G/H  , Reno NV, 89521 US"
Ethan Childs,ethan.sbss@gmail.com,Silver Bear Swim School,"8755 Technology Way  Suites G/H  , Reno NV, 89521 US"
Justin Wilkis,justin.wilkis4@gmail.com,Silver Bear Swim School,"8755 Technology Way  Suites G/H  , Reno NV, 89521 US"